{"cameraMode":{"drawMode":0,"name":"Shaded","section":"Shading Mode"},"sceneLighting":true,"audioPlay":false,"sceneViewState":{"showFog":true,"showMaterialUpdate":false,"showSkybox":true,"showFlares":true,"showImageEffects":true,"showParticleSystems":true},"in2DMode":false,"pivot":{"x":5.564296722412109,"y":0.5863253474235535,"z":-3.3489811420440676},"rotation":{"x":-0.07193668186664581,"y":-0.007184725254774094,"z":0.0005162141751497984,"w":-0.9973865151405335},"size":3.1492581367492677,"orthographic":false}